{"actions":[],"apps":[{"acl":{"app":[],"field":[],"record":[]},"app":null,"category":{"categories":[],"useCategory":"false"},"form":{"layout":"[{\"id\":null,\"type\":\"ROW\",\"isSubTable\":false,\"var\":null,\"label\":null,\"controlList\":[{\"isVirtical\":true,\"styleMap\":{\"width\":194},\"type\":\"SINGLE_LINE_TEXT\",\"var\":\"文字列__1行__2\",\"label\":\"ID\"}]},{\"id\":null,\"type\":\"ROW\",\"isSubTable\":false,\"var\":null,\"label\":null,\"controlList\":[{\"isVirtical\":true,\"styleMap\":{\"width\":194},\"type\":\"SINGLE_LINE_TEXT\",\"var\":\"文字列__1行_\",\"label\":\"氏名\"},{\"isVirtical\":true,\"styleMap\":{\"width\":194},\"type\":\"SINGLE_LINE_TEXT\",\"var\":\"文字列__1行__0\",\"label\":\"ふりがな\"}]},{\"id\":null,\"type\":\"ROW\",\"isSubTable\":false,\"var\":null,\"label\":null,\"controlList\":[{\"isVirtical\":true,\"styleMap\":{\"width\":194},\"type\":\"SINGLE_LINE_TEXT\",\"var\":\"文字列__1行__1\",\"label\":\"保護者氏名\"},{\"isVirtical\":true,\"styleMap\":{\"width\":194},\"type\":\"LINK\",\"var\":\"リンク\",\"label\":\"保護者メールアドレス\"}]}]","revision":null},"iconMeta":null,"info":{"automaticallyChooseTitleComponent":"true","code":null,"decimalPrecision":"16","decimalScale":"4","description":"","enableBulkDeletion":"false","enableRecordReuse":"true","fiscalYearStartMonth":"4","iconKey":"APP89","iconType":"PRESET","jsFiles":null,"jsScope":"ALL","name":"名簿","roundingMode":"HALF_EVEN","theme":"PLAIN","titleComponentLocalId":null,"useComment":"true","useHistory":"true","useThumbnail":"true"},"jsFiles":[],"notification":{"appNotifications":[{"events":["RECORD_COMMENT_ADDED"],"target":{"entityId":"5520310","entityType":"FIELD_ENTITY","includeSubs":"false"}},{"events":["RECORD_COMMENT_ADDED"],"target":{"entityId":"5520311","entityType":"FIELD_ENTITY","includeSubs":"false"}}],"recordNotifications":[],"reminderTimezone":null,"reminders":[],"useComment":"true","useReminder":"false"},"plugins":[],"reports":[],"resource":{"tables":[{"rows":[{"fields":[],"objectId":"0","subObjectId":"-1"}],"type":"AppName"},{"rows":[{"fields":[],"objectId":"0","subObjectId":"-1"}],"type":"AppDescription"},{"rows":[{"fields":[],"objectId":"5520309","subObjectId":"-1"},{"fields":[],"objectId":"5520310","subObjectId":"-1"},{"fields":[],"objectId":"5520311","subObjectId":"-1"},{"fields":[],"objectId":"5520312","subObjectId":"-1"},{"fields":[],"objectId":"5520313","subObjectId":"-1"},{"fields":[],"objectId":"5520314","subObjectId":"-1"},{"fields":[],"objectId":"5520315","subObjectId":"-1"},{"fields":[],"objectId":"5520316","subObjectId":"-1"},{"fields":[],"objectId":"5520317","subObjectId":"-1"},{"fields":[],"objectId":"5520318","subObjectId":"-1"},{"fields":[],"objectId":"5520319","subObjectId":"-1"},{"fields":[],"objectId":"5520320","subObjectId":"-1"},{"fields":[],"objectId":"5520321","subObjectId":"-1"}],"type":"FieldLabel"},{"rows":[{"fields":[],"objectId":"20","subObjectId":"-1"}],"type":"ViewName"}]},"schema":{"groups":[],"revision":null,"subTable":{},"table":{"fieldList":{"5520309":{"id":"5520309","label":"レコード番号","properties":{"noLabel":"false","required":"true"},"type":"RECORD_ID","var":"レコード番号"},"5520310":{"id":"5520310","label":"更新者","properties":{"noLabel":"false","required":"true"},"type":"MODIFIER","var":"更新者"},"5520311":{"id":"5520311","label":"作成者","properties":{"noLabel":"false","required":"true"},"type":"CREATOR","var":"作成者"},"5520312":{"id":"5520312","label":"更新日時","properties":{"noLabel":"false","required":"true"},"type":"MODIFIED_AT","var":"更新日時"},"5520313":{"id":"5520313","label":"作成日時","properties":{"noLabel":"false","required":"true"},"type":"CREATED_AT","var":"作成日時"},"5520314":{"id":"5520314","label":"ステータス","properties":{"noLabel":"false","required":"false"},"type":"STATUS","var":"ステータス"},"5520315":{"id":"5520315","label":"作業者","properties":{"noLabel":"false","required":"false"},"type":"STATUS_ASSIGNEE","var":"作業者"},"5520316":{"id":"5520316","label":"カテゴリー","properties":{"noLabel":"false","required":"false"},"type":"CATEGORY","var":"カテゴリー"},"5520317":{"id":"5520317","label":"ID","properties":{"defaultValue":"","expression":"","hideExpression":"false","max":"64","min":null,"noLabel":"false","required":"true","unique":"true"},"type":"SINGLE_LINE_TEXT","var":"文字列__1行__2"},"5520318":{"id":"5520318","label":"氏名","properties":{"defaultValue":"","expression":"","hideExpression":"false","max":null,"min":null,"noLabel":"false","required":"false","unique":"false"},"type":"SINGLE_LINE_TEXT","var":"文字列__1行_"},"5520319":{"id":"5520319","label":"ふりがな","properties":{"defaultValue":"","expression":"","hideExpression":"false","max":null,"min":null,"noLabel":"false","required":"false","unique":"false"},"type":"SINGLE_LINE_TEXT","var":"文字列__1行__0"},"5520320":{"id":"5520320","label":"保護者氏名","properties":{"defaultValue":"","expression":"","hideExpression":"false","max":null,"min":null,"noLabel":"false","required":"false","unique":"false"},"type":"SINGLE_LINE_TEXT","var":"文字列__1行__1"},"5520321":{"id":"5520321","label":"保護者メールアドレス","properties":{"defaultValue":"","max":null,"min":null,"noLabel":"false","protocol":"MAIL","required":"false","unique":"false"},"type":"LINK","var":"リンク"}},"id":"1","label":"__ROOT__","properties":null,"var":"__ROOT__"}},"settingsNotesForm":{"content":null,"willBeInherited":null},"status":{"actions":[],"filters":[],"initialStateId":null,"states":[],"useStatus":"false"},"uuid":"6c1d5a2f-845d-4a22-8ef2-0d4f20bb5160","views":[{"advancedMode":null,"builtinType":"ALL","device":null,"fields":[{"row":[{"columnWidth":null,"id":"5520309"},{"columnWidth":null,"id":"5520317"},{"columnWidth":null,"id":"5520318"},{"columnWidth":null,"id":"5520319"},{"columnWidth":null,"id":"5520320"},{"columnWidth":null,"id":"5520321"}]}],"filter":{"category":null,"offset":null,"order":[],"q":null,"size":null,"sort":[]},"html":null,"keyFieldId":null,"name":"（すべて）","pager":null,"revision":null,"titleFieldId":null,"view":"20","viewType":"LIST"}]},{"acl":{"app":[],"field":[],"record":[]},"app":null,"category":{"categories":[],"useCategory":"false"},"form":{"layout":"[{\"id\":null,\"type\":\"ROW\",\"isSubTable\":false,\"var\":null,\"label\":null,\"controlList\":[{\"isVirtical\":true,\"styleMap\":{\"width\":196},\"type\":\"DATETIME\",\"var\":\"チェックイン\",\"label\":\"チェックイン\"},{\"isVirtical\":true,\"styleMap\":{\"width\":196},\"type\":\"DATETIME\",\"var\":\"チェックアウト\",\"label\":\"チェックアウト\"}]},{\"id\":null,\"type\":\"ROW\",\"isSubTable\":false,\"var\":null,\"label\":null,\"controlList\":[{\"isVirtical\":true,\"styleMap\":{\"width\":246},\"type\":\"SINGLE_LINE_TEXT\",\"var\":\"ルックアップ\",\"label\":\"ID\"},{\"isVirtical\":true,\"styleMap\":{\"width\":194},\"type\":\"SINGLE_LINE_TEXT\",\"var\":\"文字列__1行_\",\"label\":\"氏名\"}]}]","revision":null},"iconMeta":null,"info":{"automaticallyChooseTitleComponent":"true","code":null,"decimalPrecision":"16","decimalScale":"4","description":"","enableBulkDeletion":"false","enableRecordReuse":"true","fiscalYearStartMonth":"4","iconKey":"APP76","iconType":"PRESET","jsFiles":null,"jsScope":"ALL","name":"参加記録","roundingMode":"HALF_EVEN","theme":"PLAIN","titleComponentLocalId":null,"useComment":"true","useHistory":"true","useThumbnail":"true"},"jsFiles":[],"notification":{"appNotifications":[{"events":["RECORD_COMMENT_ADDED"],"target":{"entityId":"5520325","entityType":"FIELD_ENTITY","includeSubs":"false"}},{"events":["RECORD_COMMENT_ADDED"],"target":{"entityId":"5520326","entityType":"FIELD_ENTITY","includeSubs":"false"}}],"recordNotifications":[],"reminderTimezone":null,"reminders":[],"useComment":"true","useReminder":"false"},"plugins":[],"reports":[],"resource":{"tables":[{"rows":[{"fields":[],"objectId":"0","subObjectId":"-1"}],"type":"AppName"},{"rows":[{"fields":[],"objectId":"0","subObjectId":"-1"}],"type":"AppDescription"},{"rows":[{"fields":[],"objectId":"5520324","subObjectId":"-1"},{"fields":[],"objectId":"5520325","subObjectId":"-1"},{"fields":[],"objectId":"5520326","subObjectId":"-1"},{"fields":[],"objectId":"5520327","subObjectId":"-1"},{"fields":[],"objectId":"5520328","subObjectId":"-1"},{"fields":[],"objectId":"5520329","subObjectId":"-1"},{"fields":[],"objectId":"5520330","subObjectId":"-1"},{"fields":[],"objectId":"5520331","subObjectId":"-1"},{"fields":[],"objectId":"5520332","subObjectId":"-1"},{"fields":[],"objectId":"5520333","subObjectId":"-1"},{"fields":[],"objectId":"5520334","subObjectId":"-1"},{"fields":[],"objectId":"5520370","subObjectId":"-1"}],"type":"FieldLabel"},{"rows":[{"fields":[],"objectId":"5520356","subObjectId":"-1"},{"fields":[],"objectId":"5520339","subObjectId":"-1"},{"fields":[],"objectId":"20","subObjectId":"-1"}],"type":"ViewName"}]},"schema":{"groups":[],"revision":null,"subTable":{},"table":{"fieldList":{"5520324":{"id":"5520324","label":"レコード番号","properties":{"noLabel":"false","required":"true"},"type":"RECORD_ID","var":"レコード番号"},"5520325":{"id":"5520325","label":"更新者","properties":{"noLabel":"false","required":"true"},"type":"MODIFIER","var":"更新者"},"5520326":{"id":"5520326","label":"作成者","properties":{"noLabel":"false","required":"true"},"type":"CREATOR","var":"作成者"},"5520327":{"id":"5520327","label":"更新日時","properties":{"noLabel":"false","required":"true"},"type":"MODIFIED_AT","var":"更新日時"},"5520328":{"id":"5520328","label":"作成日時","properties":{"noLabel":"false","required":"true"},"type":"CREATED_AT","var":"作成日時"},"5520329":{"id":"5520329","label":"ステータス","properties":{"noLabel":"false","required":"false"},"type":"STATUS","var":"ステータス"},"5520330":{"id":"5520330","label":"作業者","properties":{"noLabel":"false","required":"false"},"type":"STATUS_ASSIGNEE","var":"作業者"},"5520331":{"id":"5520331","label":"カテゴリー","properties":{"noLabel":"false","required":"false"},"type":"CATEGORY","var":"カテゴリー"},"5520332":{"id":"5520332","label":"チェックイン","properties":{"defaultExpression":null,"defaultValue":null,"noLabel":"false","required":"false","unique":"false"},"type":"DATETIME","var":"チェックイン"},"5520333":{"id":"5520333","label":"ID","properties":{"defaultValue":"","expression":"","hideExpression":"false","max":null,"min":null,"noLabel":"false","required":"false","unique":"false"},"type":"SINGLE_LINE_TEXT","var":"ルックアップ"},"5520334":{"id":"5520334","label":"氏名","properties":{"defaultValue":"","expression":"","hideExpression":"false","max":null,"min":null,"noLabel":"false","required":"false","unique":"false"},"type":"SINGLE_LINE_TEXT","var":"文字列__1行_"},"5520370":{"id":"5520370","label":"チェックアウト","properties":{"defaultExpression":null,"defaultValue":null,"noLabel":"false","required":"false","unique":"false"},"type":"DATETIME","var":"チェックアウト"}},"id":"1","label":"__ROOT__","properties":null,"var":"__ROOT__"}},"settingsNotesForm":{"content":null,"willBeInherited":null},"status":{"actions":[],"filters":[],"initialStateId":null,"states":[],"useStatus":"false"},"uuid":"4de0e0dc-f65f-4cb4-adf0-a83a7367e592","views":[{"advancedMode":"false","builtinType":null,"device":null,"fields":[{"row":[{"columnWidth":null,"id":"5520332"},{"columnWidth":null,"id":"5520333"},{"columnWidth":null,"id":"5520334"}]}],"filter":{"category":null,"offset":null,"order":["DESC"],"q":null,"size":null,"sort":["f5520324"]},"html":null,"keyFieldId":null,"name":"入室","pager":null,"revision":null,"titleFieldId":null,"view":"5520356","viewType":"LIST"},{"advancedMode":"false","builtinType":null,"device":null,"fields":[{"row":[{"columnWidth":null,"id":"5520333"},{"columnWidth":null,"id":"5520334"},{"columnWidth":null,"id":"5520332"}]}],"filter":{"category":null,"offset":null,"order":["DESC"],"q":null,"size":null,"sort":["f5520324"]},"html":null,"keyFieldId":null,"name":"一覧1","pager":null,"revision":null,"titleFieldId":null,"view":"5520339","viewType":"LIST"},{"advancedMode":null,"builtinType":"ALL","device":null,"fields":[{"row":[{"columnWidth":null,"id":"5520324"},{"columnWidth":null,"id":"5520332"},{"columnWidth":null,"id":"5520333"},{"columnWidth":null,"id":"5520334"},{"columnWidth":null,"id":"5520370"}]}],"filter":{"category":null,"offset":null,"order":[],"q":null,"size":null,"sort":[]},"html":null,"keyFieldId":null,"name":"（すべて）","pager":null,"revision":null,"titleFieldId":null,"view":"20","viewType":"LIST"}]}],"description":"QRチェックインプラグイン用のテンプレートです。","iconKey":"APP76","iconMeta":null,"iconSrcAppId":"4de0e0dc-f65f-4cb4-adf0-a83a7367e592","iconType":"PRESET","imagesMeta":[],"lookups":[{"actingAppId":"4de0e0dc-f65f-4cb4-adf0-a83a7367e592","fieldMappings":[{"fieldId":"5520334","targetFieldId":"5520318"}],"keyMapping":{"fieldId":"5520333","targetFieldId":"5520317"},"listFields":[],"query":{"category":null,"offset":null,"order":["desc"],"q":"order by f5520309 desc","size":null,"sort":["f5520309"]},"targetAppId":"6c1d5a2f-845d-4a22-8ef2-0d4f20bb5160"}],"name":"QRチェックイン","references":[],"version":"39"}